Question,Answer
"What is the return policy?","You can return any item within 30 days of purchase with a receipt."
"How do I track my order?","You can track your order using the tracking number sent to your email after shipment."
"What payment methods are accepted?","We accept Visa, MasterCard, American Express, Discover, and PayPal."
"How do I contact customer service?","You can contact customer service via email at support@example.com or call 123-456-7890."
"Where can I find your privacy policy?","Our privacy policy is available on our website under the 'Privacy Policy' section."
"Can I change my order after placing it?","Yes, you can change your order within 24 hours of placing it by contacting our support team."
"Do you offer international shipping?","Yes, we offer international shipping to selected countries. Shipping fees and delivery times vary."
"How do I reset my password?","You can reset your password by clicking on 'Forgot Password' on the login page and following the instructions."
"What is your refund policy?","Refunds are processed within 7-10 business days after we receive the returned item and inspect it."
"Where is your company located?","Our company is located at 123 Main Street, Anytown, USA."
"How long does shipping take?","Standard shipping usually takes 5-7 business days, while expedited shipping takes 2-3 business days."
"Can I get a gift receipt?","Yes, you can request a gift receipt during the checkout process."
"What is the warranty on your products?","Our products come with a one-year warranty covering manufacturing defects."
"Can I apply multiple promo codes?","No, only one promo code can be applied per order."
"How do I sign up for the newsletter?","You can sign up for our newsletter at the bottom of our homepage by entering your email address."
"Can I cancel my order?","You can cancel your order within 24 hours of placing it. After that, the order will be processed for shipping."
"Do you have a physical store?","No, we are an online-only retailer."
"How can I leave a review?","You can leave a review on the product page by scrolling down to the reviews section and clicking 'Write a review'."
"What should I do if I receive a damaged item?","If you receive a damaged item, please contact customer service immediately for assistance."
"Are your products eco-friendly?","Yes, we strive to offer products that are eco-friendly and sustainably sourced."
"How do I know if an item is in stock?","Product availability is displayed on the product page. If an item is out of stock, it will be marked as such."
"Do you offer bulk discounts?","Yes, we offer bulk discounts for large orders. Please contact sales@example.com for more information."
"Can I return a gift?","Yes, gifts can be returned within 30 days of purchase with a gift receipt."
"What is the process for returning an item?","To return an item, please visit our returns page and follow the instructions provided."
"Do you offer gift wrapping?","Yes, we offer gift wrapping for an additional fee at checkout."
"How do I update my shipping address?","You can update your shipping address in your account settings or during the checkout process."
"What are your customer service hours?","Our customer service team is available Monday through Friday, 9 AM to 5 PM EST."
"Can I expedite my shipping?","Yes, expedited shipping options are available at checkout for an additional fee."
"Do you offer a loyalty program?","Yes, we offer a loyalty program where you can earn points on purchases and redeem them for discounts."
"How can I check my order status?","You can check your order status by logging into your account and viewing your order history."
